,Project,Location,Site,Host_G,Host_Spp,Hybrid,pH,Volume,Latitude,Longitude
Sf01,Comparison,Gulf_Coast,Blackwater,Sarracenia,flava,No,5,11.5,30.846417,-86.936467
Sf02,Comparison,Gulf_Coast,Blackwater,Sarracenia,flava,No,4,4.2,30.846417,-86.936467
Sf03,Comparison,Gulf_Coast,Blackwater,Sarracenia,flava,No,4.75,18,30.846417,-86.936467
Sf04,Comparison,Gulf_Coast,Blackwater,Sarracenia,flava,No,4.75,8.2,30.846417,-86.936467
Sf05,Comparison,Gulf_Coast,Blackwater,Sarracenia,flava,No,4.75,30,30.846417,-86.936467
Sf06,Comparison,Gulf_Coast,Blackwater,Sarracenia,flava,No,4.75,13,30.8464,-86.934067
Sf07,Comparison,Gulf_Coast,Blackwater,Sarracenia,flava,No,5,12.3,30.8464,-86.934067
Sf08,Comparison,Gulf_Coast,Blackwater,Sarracenia,flava,No,6.5,8.5,30.8464,-86.934067
Sf09,Comparison,Gulf_Coast,Blackwater,Sarracenia,flava,No,6,3.6,30.8464,-86.934067
Sf11,Comparison,Gulf_Coast,Blackwater,Sarracenia,flava,No,5,2.8,30.84635,-86.9343
SfxSl01,Comparison,Gulf_Coast,Blackwater,Sarracenia,flava-leuco,Yes,4.75,12,30.846417,-86.936467
SfxSl02,Comparison,Gulf_Coast,Blackwater,Sarracenia,flava-leuco,Yes,4,11.1,30.84635,-86.9343
SfxSl03,Comparison,Gulf_Coast,Blackwater,Sarracenia,flava-leuco,Yes,5,2.9,30.84635,-86.9343
SfxSro02,Comparison,Gulf_Coast,Blackwater,Sarracenia,flava-rosea,Yes,5,35,30.846417,-86.936467
SfxSro03,Comparison,Gulf_Coast,Blackwater,Sarracenia,flava-rosea,Yes,4.75,16,30.846417,-86.936467
SfxSro04,Comparison,Gulf_Coast,Blackwater,Sarracenia,flava-rosea,Yes,5,35,30.8464,-86.934067
Sl19,Comparison,Gulf_Coast,Blackwater,Sarracenia,leucophylla,No,4.5,6.5,30.8464,-86.934067
Sl20,Comparison,Gulf_Coast,Blackwater,Sarracenia,leucophylla,No,4.75,20,30.8464,-86.934067
Sl21,Comparison,Gulf_Coast,Blackwater,Sarracenia,leucophylla,No,4.75,4.8,30.8464,-86.934067
Sl22,Comparison,Gulf_Coast,Blackwater,Sarracenia,leucophylla,No,4.75,7.5,30.8464,-86.934067
Sl23,Comparison,Gulf_Coast,Blackwater,Sarracenia,leucophylla,No,4.75,27,30.84635,-86.9343
Sl24,Comparison,Gulf_Coast,Blackwater,Sarracenia,leucophylla,No,4.75,13.2,30.84635,-86.9343
