"","Project","Location","Site","Host_G","Host_Spp","Hybrid","pH","Volume","Latitude","Longitude"
"Sf37","Comparison","Gulf_Coast","Eglin_Base","Sarracenia","flava","No",6,1.6,30.671757,-86.655883
"Sf38","Comparison","Gulf_Coast","Eglin_Base","Sarracenia","flava","No",7,1.5,30.671757,-86.655883
"Sf41","Comparison","Gulf_Coast","Eglin_Base","Sarracenia","flava","No",5,1.8,30.671757,-86.655883
"SfxSl05","Comparison","Gulf_Coast","Eglin_Base","Sarracenia","flava-leuco","Yes",4.5,6.5,30.671757,-86.655883
"Sl31","Comparison","Gulf_Coast","Eglin_Base","Sarracenia","leucophylla","No",5,8.6,30.671757,-86.655883
"Sl32","Comparison","Gulf_Coast","Eglin_Base","Sarracenia","leucophylla","No",5.25,4.5,30.671757,-86.655883
"Sl33","Comparison","Gulf_Coast","Eglin_Base","Sarracenia","leucophylla","No",5.5,4.8,30.671757,-86.655883
"Sru07","Comparison","Gulf_Coast","Eglin_Base","Sarracenia","rubra","No",5.5,0,30.671757,-86.655883
"Sru08","Comparison","Gulf_Coast","Eglin_Base","Sarracenia","rubra","No",5,0.2,30.671757,-86.655883
"Sru09","Comparison","Gulf_Coast","Eglin_Base","Sarracenia","rubra","No",7,3.9,30.671757,-86.655883
"Sru10","Comparison","Gulf_Coast","Eglin_Base","Sarracenia","rubra","No",7,2.9,30.671757,-86.655883
"Sru12","Comparison","Gulf_Coast","Eglin_Base","Sarracenia","rubra","No",8,0.8,30.671757,-86.655883
