"","Project","Location","Site","Host_G","Host_Spp","Hybrid","pH","Volume","Latitude","Longitude"
"Sf18","Comparison","Gulf_Coast","Mud_Swamp","Sarracenia","flava","No",7,2.8,30.039033,-84.830149
"Sf21","Comparison","Gulf_Coast","Mud_Swamp","Sarracenia","flava","No",7,2.5,30.039033,-84.830149
"Sf22","Comparison","Gulf_Coast","Mud_Swamp","Sarracenia","flava","No",5,5,30.039033,-84.830149
"Sf23","Comparison","Gulf_Coast","Mud_Swamp","Sarracenia","flava","No",6.5,4,30.039033,-84.830149
"SfxSro05","Comparison","Gulf_Coast","Mud_Swamp","Sarracenia","flava-rosea","Yes",4.75,3.5,30.039033,-84.830149
"Sro14","Comparison","Gulf_Coast","Mud_Swamp","Sarracenia","rosea","No",5.25,6,30.039033,-84.830149
"Sro15","Comparison","Gulf_Coast","Mud_Swamp","Sarracenia","rosea","No",5,4.8,30.039033,-84.830149
"Sro16","Comparison","Gulf_Coast","Mud_Swamp","Sarracenia","rosea","No",7,9.4,30.039033,-84.830149
"Sro16.","Extra","Gulf_Coast","Mud_Swamp","Sarracenia","rosea","No",7,9.4,30.039033,-84.830149
"Sro17","Comparison","Gulf_Coast","Mud_Swamp","Sarracenia","rosea","No",5,8.5,30.039033,-84.830149
"Sro18","Comparison","Gulf_Coast","Mud_Swamp","Sarracenia","rosea","No",4.5,30,30.039033,-84.830149
