"","Project","Location","Site","Host_G","Host_Spp","Hybrid","pH","Volume","Latitude","Longitude"
"Sf24","Comparison","Gulf_Coast","Crystal_Bog","Sarracenia","flava","No",5.25,7.5,30.1969,-84.90525
"Sf25","Comparison","Gulf_Coast","Crystal_Bog","Sarracenia","flava","No",4,4.2,30.1969,-84.90525
"Sf27","Comparison","Gulf_Coast","Crystal_Bog","Sarracenia","flava","No",6.5,2.9,30.1969,-84.90525
"Sf28","Comparison","Gulf_Coast","Crystal_Bog","Sarracenia","flava","No",3.75,3.4,30.1969,-84.90525
"Sf29","Comparison","Gulf_Coast","Crystal_Bog","Sarracenia","flava","No",4,1.5,30.1969,-84.90525
"SfxSro06","Comparison","Gulf_Coast","Crystal_Bog","Sarracenia","flava-rosea","Yes",5,4.2,30.1969,-84.90525
"SfxSro07","Comparison","Gulf_Coast","Crystal_Bog","Sarracenia","flava-rosea","Yes",5.25,1.5,30.1969,-84.90525
"Sro20","Comparison","Gulf_Coast","Crystal_Bog","Sarracenia","rosea","No",4.25,7,30.1969,-84.90525
"Sro21","Comparison","Gulf_Coast","Crystal_Bog","Sarracenia","rosea","No",7,5.4,30.1969,-84.90525
"Sro22","Comparison","Gulf_Coast","Crystal_Bog","Sarracenia","rosea","No",5,7,30.1969,-84.90525
"Sro23","Comparison","Gulf_Coast","Crystal_Bog","Sarracenia","rosea","No",5,12,30.1969,-84.90525
"Sro24","Comparison","Gulf_Coast","Crystal_Bog","Sarracenia","rosea","No",4.25,27,30.1969,-84.90525
