,Project,Location,Site,Host_G,Host_Spp,Hybrid,pH,Volume,Latitude,Longitude
Sl01,Comparison,Gulf_Coast,Splinter_Hill,Sarracenia,leucophylla,No,7,4,31.0233,-87.684633
Sl02,Comparison,Gulf_Coast,Splinter_Hill,Sarracenia,leucophylla,No,6.5,0.3,31.0233,-87.684633
Sl06,Comparison,Gulf_Coast,Splinter_Hill,Sarracenia,leucophylla,No,4.75,12.5,31.0233,-87.684633
Sl07,Comparison,Gulf_Coast,Splinter_Hill,Sarracenia,leucophylla,No,5,4,31.0233,-87.684633
Sl08,Comparison,Gulf_Coast,Splinter_Hill,Sarracenia,leucophylla,No,5,5.1,31.0233,-87.684633
Sl10,Comparison,Gulf_Coast,Splinter_Hill,Sarracenia,leucophylla,No,5,2.5,31.0233,-87.684633
Sl11,Comparison,Gulf_Coast,Splinter_Hill,Sarracenia,leucophylla,No,5,1.9,31.0233,-87.684633
Sl13,Comparison,Gulf_Coast,Splinter_Hill,Sarracenia,leucophylla,No,7,6.4,31.024717,-87.68585
Sl14,Comparison,Gulf_Coast,Splinter_Hill,Sarracenia,leucophylla,No,8,0.5,31.024717,-87.68585
Sl15,Comparison,Gulf_Coast,Splinter_Hill,Sarracenia,leucophylla,No,4.75,2.1,31.023533,-87.685267
Sl16,Comparison,Gulf_Coast,Splinter_Hill,Sarracenia,leucophylla,No,3.5,1.8,31.028817,-87.673667
Sl17,Comparison,Gulf_Coast,Splinter_Hill,Sarracenia,leucophylla,No,5,2.6,31.028817,-87.673667
Sl18,Comparison,Gulf_Coast,Splinter_Hill,Sarracenia,leucophylla,No,5,0.4,31.028817,-87.673667
SlxSro01,Comparison,Gulf_Coast,Splinter_Hill,Sarracenia,leuco-rosea,Yes,5,3,31.0233,-87.684633
SlxSro03,Comparison,Gulf_Coast,Splinter_Hill,Sarracenia,leuco-rosea,Yes,5.25,3.6,31.0233,-87.684633
SlxSro05,Comparison,Gulf_Coast,Splinter_Hill,Sarracenia,leuco-rosea,Yes,5,8.5,31.0233,-87.684633
SlxSro07,Comparison,Gulf_Coast,Splinter_Hill,Sarracenia,leuco-rosea,Yes,5,5.9,31.023533,-87.685267
Sro02,Comparison,Gulf_Coast,Splinter_Hill,Sarracenia,rosea,No,5,20,31.0233,-87.684633
Sro04,Comparison,Gulf_Coast,Splinter_Hill,Sarracenia,rosea,No,4.5,24,31.0233,-87.684633
Sro07,Comparison,Gulf_Coast,Splinter_Hill,Sarracenia,rosea,No,4.75,13,31.0233,-87.684633
Sro08,Comparison,Gulf_Coast,Splinter_Hill,Sarracenia,rosea,No,7,6,31.0233,-87.684633
Sro09,Comparison,Gulf_Coast,Splinter_Hill,Sarracenia,rosea,No,5,5.1,31.0233,-87.684633
Sro10,Comparison,Gulf_Coast,Splinter_Hill,Sarracenia,rosea,No,7,11,31.0233,-87.684633
Sro11,Comparison,Gulf_Coast,Splinter_Hill,Sarracenia,rosea,No,4.5,22,31.024717,-87.68585
Sro12,Comparison,Gulf_Coast,Splinter_Hill,Sarracenia,rosea,No,6.5,17,31.023533,-87.685267
Sru01,Comparison,Gulf_Coast,Splinter_Hill,Sarracenia,rubra,No,5,0.5,31.028817,-87.673667
Sru02,Comparison,Gulf_Coast,Splinter_Hill,Sarracenia,rubra,No,4.75,2,31.028817,-87.673667
Sru03,Comparison,Gulf_Coast,Splinter_Hill,Sarracenia,rubra,No,7,0.4,31.028817,-87.673667
Sru04,Comparison,Gulf_Coast,Splinter_Hill,Sarracenia,rubra,No,5,12.4,31.028817,-87.673667
Sru05,Comparison,Gulf_Coast,Splinter_Hill,Sarracenia,rubra,No,5.25,0.6,31.028817,-87.673667
Sru06,Comparison,Gulf_Coast,Splinter_Hill,Sarracenia,rubra,No,4.75,1.4,31.028817,-87.673667
