,Project,Location,Site,Host_G,Host_Spp,Hybrid,pH,Volume,Latitude,Longitude
Sf30,Comparison,Gulf_Coast,Plea_Phase_Savanna,Sarracenia,flava,No,4.75,3.7,30.0856,-84.984683
Sf31,Comparison,Gulf_Coast,Plea_Phase_Savanna,Sarracenia,flava,No,4,4.2,30.0856,-84.984683
Sf32,Comparison,Gulf_Coast,Plea_Phase_Savanna,Sarracenia,flava,No,4,2.3,30.0856,-84.984683
Sf33,Comparison,Gulf_Coast,Plea_Phase_Savanna,Sarracenia,flava,No,5,6.5,30.0856,-84.984683
Sf34,Comparison,Gulf_Coast,Plea_Phase_Savanna,Sarracenia,flava,No,5,3,30.0856,-84.984683
SfxSro08,Comparison,Gulf_Coast,Plea_Phase_Savanna,Sarracenia,flava-rosea,Yes,5,5.5,30.0856,-84.984683
SfxSro09,Comparison,Gulf_Coast,Plea_Phase_Savanna,Sarracenia,flava-rosea,Yes,5,2.5,30.0856,-84.984683
Sro25,Comparison,Gulf_Coast,Plea_Phase_Savanna,Sarracenia,rosea,No,5.5,10.1,30.0856,-84.984683
Sro26,Comparison,Gulf_Coast,Plea_Phase_Savanna,Sarracenia,rosea,No,7,11.3,30.0856,-84.984683
Sro27,Comparison,Gulf_Coast,Plea_Phase_Savanna,Sarracenia,rosea,No,7.5,12.3,30.0856,-84.984683
Sro28,Comparison,Gulf_Coast,Plea_Phase_Savanna,Sarracenia,rosea,No,7.5,27,30.0856,-84.984683
Sro30,Comparison,Gulf_Coast,Plea_Phase_Savanna,Sarracenia,rosea,No,5.5,8,30.0856,-84.984683
